id,created_at,text
8.23324E+17,23/01/2017 00:20,.@MichaelNutter got a lot of great points into 140 characters here. We have to keep the momentum. https://t.co/Bd66lBPMEs
8.23324E+17,23/01/2017 00:18,"Scrolling through images of the #womensmarch is awe-inspiring. Hope it brought joy to others as it did to me.
https://t.co/29oaMvk3hU"
8.22903E+17,21/01/2017 20:27,"I stand w/ Nora Harren, a 17-year  from Boise, ID, &amp; every person marching for our values today. Onward! ‚úä‚úäüèæ‚úäüèΩ‚ú®‚Ä¶ https://t.co/Zt8THPtAn8"
8.22846E+17,21/01/2017 16:39,"'Hope Not Fear'
Indeed. 
And what a beautiful piece by Louisa Cannell. 
#womensmarch üëäüëäüèªüëäüèºüëäüèΩ‚ú® https://t.co/7h3Bzx79nB"
8.22823E+17,21/01/2017 15:07,"Thanks for standing, speaking &amp; marching for our values @womensmarch. Important as ever. I truly believe we're always Stronger Together."
8.22472E+17,20/01/2017 15:53,I'm here today to honor our democracy &amp; its enduring values. I will never stop believing in our country &amp; its future. #Inauguration
8.2187E+17,19/01/2017 00:00,"Indeed. Bill &amp; I have you in our thoughts &amp; look forward to you both being back on your feet soon, wild socks &amp; all‚Ä¶ https://t.co/yUWSbJDnlH"
8.16426E+17,03/01/2017 23:28,Delighted that @NYGovCuomo proposed free college for ppl making &lt;125K in NY. A plan @SenSanders &amp; I worked hard on. https://t.co/V0aXjhxKpm
8.13499E+17,26/12/2016 21:37,The holidays are a time to be thankful for our blessings. Let's rejoice in this season &amp; look forward with renewed hope &amp; determination. -H
8.02721E+17,,
8.01888E+17,,
8.01887E+17,,
7.99043E+17,,
7.96426E+17,,
7.96395E+17,,
7.96395E+17,,
7.96395E+17,,
7.96395E+17,,
7.96395E+17,,
7.96395E+17,,
7.96395E+17,,
7.96394E+17,,
7.96394E+17,,
7.96393E+17,,
7.96393E+17,,
7.96393E+17,,
7.96393E+17,,
7.96393E+17,,
7.96393E+17,,
7.96393E+17,,
7.96392E+17,,
7.96392E+17,,
7.96392E+17,,
7.9639E+17,,
7.96169E+17,,
7.96166E+17,,
7.96152E+17,,
7.96143E+17,,
7.96124E+17,,
7.96111E+17,,
7.96096E+17,,
7.9608E+17,,
7.96065E+17,,
7.96056E+17,,
7.96041E+17,,
7.96037E+17,,
7.96034E+17,,
7.96029E+17,,
7.96024E+17,,
7.96023E+17,,
7.96022E+17,,
7.9602E+17,,
7.96009E+17,,
7.96007E+17,,
7.96005E+17,,
7.96003E+17,,
7.95996E+17,,
7.95995E+17,,
7.95989E+17,,
7.9598E+17,,
7.95974E+17,,
7.95971E+17,,
7.95968E+17,,
7.9596E+17,,
7.95956E+17,,
7.95944E+17,,
7.95931E+17,,
7.95872E+17,,
7.95871E+17,,
7.9587E+17,,
7.9587E+17,,
7.95869E+17,,
7.95868E+17,,
7.95865E+17,,
7.95861E+17,,
7.95857E+17,,
7.95851E+17,,
7.9584E+17,,
7.95835E+17,,
7.95826E+17,,
7.95816E+17,,
7.95815E+17,,
7.95815E+17,,
7.95814E+17,,
7.95813E+17,,
7.95813E+17,,
7.95811E+17,,
7.95811E+17,,
7.9581E+17,,
7.9581E+17,,
7.95809E+17,,
7.95808E+17,,
7.95808E+17,,
7.95808E+17,,
7.95807E+17,,
7.95806E+17,,
7.95806E+17,,
7.95806E+17,,
7.95805E+17,,
7.95804E+17,,
7.95804E+17,,
7.95803E+17,,
7.95802E+17,,
7.9578E+17,,
7.9578E+17,,
7.95771E+17,,
7.95763E+17,,
7.95754E+17,,
7.9575E+17,,
7.95749E+17,,
7.95745E+17,,
7.95744E+17,,
7.95742E+17,,
7.9574E+17,,
7.95739E+17,,
7.95738E+17,,
7.95737E+17,,
7.95736E+17,,
7.95728E+17,,
7.95706E+17,,
7.95703E+17,,
7.95695E+17,,
7.95691E+17,,
7.95688E+17,,
7.95687E+17,,
7.95685E+17,,
7.95684E+17,,
7.95684E+17,,
7.95683E+17,,
7.95682E+17,,
7.95681E+17,,
7.95681E+17,,
7.95678E+17,,
7.95676E+17,,
7.95665E+17,,
7.95661E+17,,
7.95644E+17,,
7.95627E+17,,
7.95611E+17,,
7.95482E+17,,
7.95475E+17,,
7.95464E+17,,
7.95453E+17,,
7.9545E+17,,
7.95447E+17,,
7.95445E+17,,
7.95445E+17,,
7.95444E+17,,
7.95443E+17,,
7.95442E+17,,
7.9544E+17,,
7.95436E+17,,
7.95431E+17,,
7.95428E+17,,
7.95421E+17,,
7.95415E+17,,
7.95412E+17,,
7.95408E+17,,
7.95386E+17,,
7.95386E+17,,
7.95384E+17,,
7.95384E+17,,
7.95382E+17,,
7.95382E+17,,
7.95381E+17,,
7.9538E+17,,
7.95379E+17,,
7.95379E+17,,
7.95376E+17,,
7.95369E+17,,
7.95357E+17,,
7.95339E+17,,
7.95325E+17,,
7.9531E+17,,
7.95305E+17,,
7.95304E+17,,
7.95299E+17,,
7.95288E+17,,
7.95281E+17,,
7.95264E+17,,
7.95249E+17,,
7.95099E+17,,
7.95094E+17,,
7.95084E+17,,
7.95077E+17,,
7.9506E+17,,
7.9506E+17,,
7.95056E+17,,
7.95046E+17,,
7.95026E+17,,
7.95017E+17,,
7.95004E+17,,
7.94997E+17,,
7.94984E+17,,
7.94979E+17,,
7.94969E+17,,
7.94966E+17,,
7.94964E+17,,
7.94959E+17,,
7.94958E+17,,
7.94958E+17,,
7.94943E+17,,
7.94941E+17,,
7.94918E+17,,
7.94913E+17,,
7.94907E+17,,
7.94894E+17,,
7.94886E+17,,
7.94739E+17,,
7.94732E+17,,
7.94731E+17,,
7.94729E+17,,
7.94728E+17,,
7.94728E+17,,
7.94728E+17,,
7.94726E+17,,
7.94723E+17,,
7.94722E+17,,
7.94718E+17,,
7.94709E+17,,
7.94704E+17,,
7.94696E+17,,
7.9469E+17,,
7.94673E+17,,
7.94662E+17,,
7.94657E+17,,
7.94653E+17,,
7.94653E+17,,
7.94652E+17,,
7.94651E+17,,
7.94651E+17,,
7.94647E+17,,
7.94642E+17,,
7.94632E+17,,
7.9463E+17,,
7.94627E+17,,
7.94625E+17,,
7.94613E+17,,
7.94606E+17,,
7.94601E+17,,
7.946E+17,,
7.94599E+17,,
7.94599E+17,,
7.94598E+17,,
7.94597E+17,,
7.94595E+17,,
7.94589E+17,,
7.9458E+17,,
7.94575E+17,,
7.94571E+17,,
7.94559E+17,,
7.94552E+17,,
7.94547E+17,,
7.94528E+17,,
7.94374E+17,,
7.94366E+17,,
7.94353E+17,,
7.94349E+17,,
7.94348E+17,,
7.94347E+17,,
7.94345E+17,,
7.94344E+17,,
7.94344E+17,,
7.94343E+17,,
7.94343E+17,,
7.94329E+17,,
7.94306E+17,,
7.94295E+17,,
7.94295E+17,,
7.94285E+17,,
7.94279E+17,,
7.94274E+17,,
7.94272E+17,,
7.94271E+17,,
7.9427E+17,,
7.94269E+17,,
7.94268E+17,,
7.94265E+17,,
7.94262E+17,,
7.94253E+17,,
7.94244E+17,,
7.94237E+17,,
7.9423E+17,,
7.94223E+17,,
7.94219E+17,,
7.94193E+17,,
7.94187E+17,,
7.94178E+17,,
7.94153E+17,,
7.94043E+17,,
7.94028E+17,,
7.94027E+17,,
7.94025E+17,,
7.94024E+17,,
7.94022E+17,,
7.94021E+17,,
7.9402E+17,,
7.94018E+17,,
7.94016E+17,,
7.94008E+17,,
7.93994E+17,,
7.93989E+17,,
7.93985E+17,,
7.93972E+17,,
7.93962E+17,,
7.93954E+17,,
7.93953E+17,,
7.9395E+17,,
7.9395E+17,,
7.93949E+17,,
7.93948E+17,,
7.93929E+17,,
7.93918E+17,,
7.93914E+17,,
7.9391E+17,,
7.93908E+17,,
7.93907E+17,,
7.93906E+17,,
7.93905E+17,,
7.93905E+17,,
7.93902E+17,,
7.93896E+17,,
7.93879E+17,,
7.93871E+17,,
7.93865E+17,,
7.93858E+17,,
7.93848E+17,,
7.93835E+17,,
7.93824E+17,,
7.93797E+17,,
7.93637E+17,,
7.93626E+17,,
7.9362E+17,,
7.93604E+17,,
7.93591E+17,,
7.93575E+17,,
7.93548E+17,,
7.93547E+17,,
7.93547E+17,,
7.93546E+17,,
7.93546E+17,,
7.93545E+17,,
7.93545E+17,,
7.93544E+17,,
7.93543E+17,,
7.93542E+17,,
7.93541E+17,,
7.9354E+17,,
7.93539E+17,,
7.93523E+17,,
7.93514E+17,,
7.93505E+17,,
7.93502E+17,,
7.93486E+17,,
7.93469E+17,,
7.93456E+17,,
7.93437E+17,,
7.93428E+17,,
7.93282E+17,,
7.93255E+17,,
7.9325E+17,,
7.93234E+17,,
7.93223E+17,,
7.93222E+17,,
7.93222E+17,,
7.9322E+17,,
7.93218E+17,,
7.93213E+17,,
7.93189E+17,,
7.93186E+17,,
7.93181E+17,,
7.93176E+17,,
7.93168E+17,,
7.93167E+17,,
7.93166E+17,,
7.93165E+17,,
7.93164E+17,,
7.93163E+17,,
7.93162E+17,,
7.93161E+17,,
7.93161E+17,,
7.93161E+17,,
7.93161E+17,,
7.9316E+17,,
7.93158E+17,,
7.93136E+17,,
7.93125E+17,,
7.93108E+17,,
7.93091E+17,,
7.93086E+17,,
7.93072E+17,,
7.92908E+17,,
7.92895E+17,,
7.92883E+17,,
7.92879E+17,,
7.92863E+17,,
7.92849E+17,,
7.92843E+17,,
7.92837E+17,,
7.9281E+17,,
7.92796E+17,,
7.92793E+17,,
7.92793E+17,,
7.92792E+17,,
7.92792E+17,,
7.92791E+17,,
7.92789E+17,,
7.9278E+17,,
7.92774E+17,,
7.92766E+17,,
7.92739E+17,,
7.92725E+17,,
7.92533E+17,,
7.92514E+17,,
7.92491E+17,,
7.92475E+17,,
7.92472E+17,,
7.92467E+17,,
7.92466E+17,,
7.92465E+17,,
7.92465E+17,,
7.92464E+17,,
7.92462E+17,,
7.92448E+17,,
7.92383E+17,,
7.92373E+17,,
7.92134E+17,,
7.92134E+17,,
7.92133E+17,,
7.92131E+17,,
7.9213E+17,,
7.92129E+17,,
7.92128E+17,,
7.92127E+17,,
7.92126E+17,,
7.92124E+17,,
7.92095E+17,,
7.9209E+17,,
7.92083E+17,,
7.92083E+17,,
7.92082E+17,,
7.92082E+17,,
7.92081E+17,,
7.9208E+17,,
7.9208E+17,,
7.9208E+17,,
7.92075E+17,,
7.92061E+17,,
7.92049E+17,,
7.92046E+17,,
7.92016E+17,,
7.92011E+17,,
7.91991E+17,,
7.91989E+17,,
7.91977E+17,,
7.91836E+17,,
7.91823E+17,,
7.91813E+17,,
7.91796E+17,,
7.91774E+17,,
7.91749E+17,,
7.91724E+17,,
7.91721E+17,,
7.9172E+17,,
7.9172E+17,,
7.91719E+17,,
7.91719E+17,,
7.91718E+17,,
7.91718E+17,,
7.91717E+17,,
7.91717E+17,,
7.91717E+17,,
7.91716E+17,,
7.91715E+17,,
7.91714E+17,,
7.91714E+17,,
7.91714E+17,,
7.91712E+17,,
7.91711E+17,,
7.91711E+17,,
7.91711E+17,,
7.9171E+17,,
7.9171E+17,,
7.91709E+17,,
7.91693E+17,,
7.91691E+17,,
7.91663E+17,,
7.91655E+17,,
7.91648E+17,,
7.91637E+17,,
7.91625E+17,,
7.91616E+17,,
7.91482E+17,,
7.91473E+17,,
7.91466E+17,,
7.91455E+17,,
7.91434E+17,,
7.91414E+17,,
7.91378E+17,,
7.91372E+17,,
7.91365E+17,,
7.91364E+17,,
7.91363E+17,,
7.91362E+17,,
7.9136E+17,,
7.91359E+17,,
7.91336E+17,,
7.91325E+17,,
7.91323E+17,,
7.91319E+17,,
7.91315E+17,,
7.91314E+17,,
7.91313E+17,,
7.91312E+17,,
7.9131E+17,,
7.91302E+17,,
7.9129E+17,,
7.91281E+17,,
7.91264E+17,,
7.91249E+17,,
7.91111E+17,,
7.91106E+17,,
7.911E+17,,
7.91087E+17,,
7.9107E+17,,
7.91053E+17,,
7.91017E+17,,
7.91007E+17,,
7.90996E+17,,
7.90994E+17,,
7.90994E+17,,
7.90993E+17,,
7.90993E+17,,
7.90992E+17,,
7.90992E+17,,
7.90991E+17,,
7.90989E+17,,
7.90975E+17,,
7.90961E+17,,
7.90951E+17,,
7.90944E+17,,
7.90939E+17,,
7.90932E+17,,
7.90928E+17,,
7.90916E+17,,
7.90904E+17,,
7.90761E+17,,
7.90755E+17,,
7.90748E+17,,
7.90738E+17,,
7.9073E+17,,
7.90718E+17,,
7.90711E+17,,
7.90684E+17,,
7.90683E+17,,
7.9068E+17,,
7.90666E+17,,
7.90644E+17,,
7.90636E+17,,
7.90618E+17,,
7.90617E+17,,
7.90615E+17,,
7.90614E+17,,
7.90613E+17,,
7.90613E+17,,
7.90612E+17,,
7.90612E+17,,
7.90609E+17,,
7.90607E+17,,
7.90607E+17,,
7.90606E+17,,
7.90605E+17,,
7.90605E+17,,
7.90603E+17,,
7.90564E+17,,
7.90553E+17,,
7.90383E+17,,
7.90372E+17,,
7.90366E+17,,
7.90359E+17,,
7.90332E+17,,
7.90298E+17,,
7.90274E+17,,
7.90253E+17,,
7.90238E+17,,
7.90207E+17,,
7.90179E+17,,
7.90021E+17,,
7.90015E+17,,
7.90004E+17,,
7.89982E+17,,
7.89975E+17,,
7.8995E+17,,
7.89949E+17,,
7.89946E+17,,
7.89945E+17,,
7.89944E+17,,
7.89943E+17,,
7.89941E+17,,
7.89937E+17,,
7.89908E+17,,
7.89906E+17,,
7.89893E+17,,
7.89879E+17,,
7.89862E+17,,
7.89847E+17,,
7.89828E+17,,
7.89815E+17,,
7.8966E+17,,
7.89652E+17,,
7.89651E+17,,
7.89615E+17,,
7.89606E+17,,
7.89596E+17,,
7.89588E+17,,
7.89579E+17,,
7.89578E+17,,
7.89577E+17,,
7.89577E+17,,
7.89576E+17,,
7.89576E+17,,
7.89575E+17,,
7.89575E+17,,
7.89575E+17,,
7.89574E+17,,
7.89574E+17,,
7.89574E+17,,
7.89573E+17,,
7.89572E+17,,
7.89548E+17,,
7.89531E+17,,
7.89525E+17,,
7.89515E+17,,
7.89509E+17,,
7.89499E+17,,
7.89485E+17,,
7.89456E+17,,
7.89304E+17,,
7.89281E+17,,
7.8928E+17,,
7.89279E+17,,
7.89278E+17,,
7.89278E+17,,
7.89277E+17,,
7.89277E+17,,
7.89277E+17,,
7.89276E+17,,
7.89276E+17,,
7.8926E+17,,
7.89245E+17,,
7.89225E+17,,
7.89221E+17,,
7.8922E+17,,
7.8922E+17,,
7.89219E+17,,
7.89219E+17,,
7.89218E+17,,
7.89218E+17,,
7.89217E+17,,
7.89217E+17,,
7.89216E+17,,
7.89216E+17,,
7.89215E+17,,
7.89215E+17,,
7.89214E+17,,
7.89208E+17,,
7.89208E+17,,
7.89207E+17,,
7.89207E+17,,
7.89205E+17,,
7.89205E+17,,
7.89204E+17,,
7.89203E+17,,
7.89202E+17,,
7.89201E+17,,
7.89201E+17,,
7.892E+17,,
7.89199E+17,,
7.89198E+17,,
7.89191E+17,,
7.89173E+17,,
7.8915E+17,,
7.89142E+17,,
7.89139E+17,,
7.89135E+17,,
7.89132E+17,,
7.89126E+17,,
7.89125E+17,,
7.89111E+17,,
7.89104E+17,,
7.89098E+17,,
7.89089E+17,,
7.89074E+17,,
7.88964E+17,,
7.88958E+17,,
7.88954E+17,,
7.88948E+17,,
7.88945E+17,,
7.88944E+17,,
7.88943E+17,,
7.88942E+17,,
7.88942E+17,,
7.88939E+17,,
7.88937E+17,,
7.88936E+17,,
7.88935E+17,,
7.88935E+17,,
7.88934E+17,,
7.88933E+17,,
7.88932E+17,,
7.88932E+17,,
7.8893E+17,,
7.88929E+17,,
7.88928E+17,,
7.88927E+17,,
7.88927E+17,,
7.88926E+17,,
7.88926E+17,,
7.88926E+17,,
7.88925E+17,,
7.88925E+17,,
7.88924E+17,,
7.88923E+17,,
7.88922E+17,,
7.88921E+17,,
7.88921E+17,,
7.8892E+17,,
7.88919E+17,,
7.88919E+17,,
7.88919E+17,,
7.88918E+17,,
7.88918E+17,,
7.88918E+17,,
7.88917E+17,,
7.88917E+17,,
7.88917E+17,,
7.88916E+17,,
7.88916E+17,,
7.88916E+17,,
7.88915E+17,,
7.88914E+17,,
7.88914E+17,,
7.88914E+17,,
7.88913E+17,,
7.88913E+17,,
7.88912E+17,,
7.88912E+17,,
7.88912E+17,,
7.88911E+17,,
7.88911E+17,,
7.88909E+17,,
7.88909E+17,,
7.88907E+17,,
7.88903E+17,,
7.88896E+17,,
7.88889E+17,,
7.88868E+17,,
7.88847E+17,,
7.8884E+17,,
7.88837E+17,,
7.88824E+17,,
7.88817E+17,,
7.88803E+17,,
7.88798E+17,,
7.8879E+17,,
7.88775E+17,,
7.88759E+17,,
7.88753E+17,,
7.88748E+17,,
7.88725E+17,,
7.88709E+17,,
7.88562E+17,,
7.88549E+17,,
7.88539E+17,,
7.88531E+17,,
7.88515E+17,,
7.88505E+17,,
7.8849E+17,,
7.88487E+17,,
7.88474E+17,,
7.8847E+17,,
7.88438E+17,,
7.88425E+17,,
7.88416E+17,,
7.88398E+17,,
7.88392E+17,,
7.88388E+17,,
7.88379E+17,,
7.88365E+17,,
7.88187E+17,,
7.8817E+17,,
7.88154E+17,,
7.88142E+17,,
7.88132E+17,,
7.88115E+17,,
7.88093E+17,,
7.88081E+17,,
7.88063E+17,,
7.88043E+17,,
7.88026E+17,,
7.88016E+17,,
7.87983E+17,,
7.87829E+17,,
7.87819E+17,,
7.87804E+17,,
7.87778E+17,,
7.87774E+17,,
7.87763E+17,,
7.87748E+17,,
7.87736E+17,,
7.87732E+17,,
7.87689E+17,,
7.87461E+17,,
7.87445E+17,,
7.87441E+17,,
7.87431E+17,,
7.87421E+17,,
7.87412E+17,,
7.87383E+17,,
7.87379E+17,,
7.8737E+17,,
7.87361E+17,,
7.87351E+17,,
7.87339E+17,,
7.8732E+17,,
7.87308E+17,,
7.87296E+17,,
7.87115E+17,,
7.87096E+17,,
7.87083E+17,,
7.87065E+17,,
7.87056E+17,,
7.87042E+17,,
7.87032E+17,,
7.87029E+17,,
7.87009E+17,,
7.86992E+17,,
7.86985E+17,,
7.86964E+17,,
7.86958E+17,,
7.86957E+17,,
7.86957E+17,,
7.86956E+17,,
7.86956E+17,,
7.86954E+17,,
7.86954E+17,,
7.86952E+17,,
7.86952E+17,,
7.86952E+17,,
7.86949E+17,,
7.86942E+17,,
7.86939E+17,,
7.86929E+17,,
7.86898E+17,,
7.86749E+17,,
7.86735E+17,,
7.86722E+17,,
7.86702E+17,,
7.86693E+17,,
7.86677E+17,,
7.86658E+17,,
7.86639E+17,,
7.86635E+17,,
7.86621E+17,,
7.86613E+17,,
7.86613E+17,,
7.86612E+17,,
7.86612E+17,,
7.86611E+17,,
7.86611E+17,,
7.86611E+17,,
7.86611E+17,,
7.86611E+17,,
7.8661E+17,,
7.8661E+17,,
7.86609E+17,,
7.86609E+17,,
7.86609E+17,,
7.86609E+17,,
7.86607E+17,,
7.86606E+17,,
7.86594E+17,,
7.86583E+17,,
7.86557E+17,,
7.86532E+17,,
7.86396E+17,,
7.86374E+17,,
7.86374E+17,,
7.86372E+17,,
7.86361E+17,,
7.86353E+17,,
7.8634E+17,,
7.86332E+17,,
7.86307E+17,,
7.86306E+17,,
7.86306E+17,,
7.86305E+17,,
7.86303E+17,,
7.86303E+17,,
7.86302E+17,,
7.86301E+17,,
7.86299E+17,,
7.8629E+17,,
7.86281E+17,,
7.86275E+17,,
7.86273E+17,,
7.86269E+17,,
7.86264E+17,,
7.86258E+17,,
7.86246E+17,,
7.86244E+17,,
7.86241E+17,,
7.86238E+17,,
7.86227E+17,,
7.86221E+17,,
7.8621E+17,,
7.86174E+17,,
7.86038E+17,,
7.8601E+17,,
7.86003E+17,,
7.85986E+17,,
7.85983E+17,,
7.85979E+17,,
7.85974E+17,,
7.85968E+17,,
7.85961E+17,,
7.85959E+17,,
7.85959E+17,,
7.85955E+17,,
7.85951E+17,,
7.85946E+17,,
7.85937E+17,,
7.85933E+17,,
7.85932E+17,,
7.85932E+17,,
7.85931E+17,,
7.85931E+17,,
7.85931E+17,,
7.8593E+17,,
7.85929E+17,,
7.85929E+17,,
7.85928E+17,,
7.85928E+17,,
7.85928E+17,,
7.85928E+17,,
7.85927E+17,,
7.85927E+17,,
7.85926E+17,,
7.85914E+17,,
7.85907E+17,,
7.85895E+17,,
7.85889E+17,,
7.85881E+17,,
7.85876E+17,,
7.85869E+17,,
7.85867E+17,,
7.85858E+17,,
7.85851E+17,,
7.85844E+17,,
7.85827E+17,,
7.85817E+17,,
7.85693E+17,,
7.85659E+17,,
7.85646E+17,,
7.85639E+17,,
7.85634E+17,,
7.85632E+17,,
7.85629E+17,,
7.85622E+17,,
7.85616E+17,,
7.85601E+17,,
7.85591E+17,,
7.85585E+17,,
7.85568E+17,,
7.85567E+17,,
7.85566E+17,,
7.85565E+17,,
7.85563E+17,,
7.85562E+17,,
7.85562E+17,,
7.85561E+17,,
7.85555E+17,,
7.85548E+17,,
7.85544E+17,,
7.85524E+17,,
7.85519E+17,,
7.85512E+17,,
7.85502E+17,,
7.85493E+17,,
7.85488E+17,,
7.85473E+17,,
7.85456E+17,,
7.85454E+17,,
7.85346E+17,,
7.8533E+17,,
7.85325E+17,,
7.8532E+17,,
7.85319E+17,,
7.85319E+17,,
7.85316E+17,,
7.85315E+17,,
7.85313E+17,,
7.85312E+17,,
7.85311E+17,,
7.8531E+17,,
7.8531E+17,,
7.85309E+17,,
7.85307E+17,,
7.85307E+17,,
7.85306E+17,,
7.85305E+17,,
7.85305E+17,,
7.85304E+17,,
7.85304E+17,,
7.85303E+17,,
7.85302E+17,,
7.85301E+17,,
7.85301E+17,,
7.853E+17,,
7.853E+17,,
7.853E+17,,
7.853E+17,,
7.85299E+17,,
7.85299E+17,,
7.85298E+17,,
7.85298E+17,,
7.85298E+17,,
7.85298E+17,,
7.85297E+17,,
7.85297E+17,,
7.85297E+17,,
7.85296E+17,,
7.85296E+17,,
7.85296E+17,,
7.85295E+17,,
7.85294E+17,,
7.85294E+17,,
7.85293E+17,,
7.85292E+17,,
7.85292E+17,,
7.85291E+17,,
7.8529E+17,,
7.8529E+17,,
7.8529E+17,,
7.85289E+17,,
7.85289E+17,,
7.85288E+17,,
7.85288E+17,,
7.85287E+17,,
7.85286E+17,,
7.85286E+17,,
7.85283E+17,,
7.85279E+17,,
7.85276E+17,,
7.85272E+17,,
7.8527E+17,,
7.85266E+17,,
7.85263E+17,,
7.85259E+17,,
7.85252E+17,,
7.85244E+17,,
7.8523E+17,,
7.85224E+17,,
7.8522E+17,,
7.85217E+17,,
7.85211E+17,,
7.85204E+17,,
7.85199E+17,,
7.85188E+17,,
7.85185E+17,,
7.85179E+17,,
7.85178E+17,,
7.85159E+17,,
7.85144E+17,,
7.84863E+17,,
7.84846E+17,,
7.84816E+17,,
7.84803E+17,,
7.84789E+17,,
7.8477E+17,,
7.84759E+17,,
7.84565E+17,,
7.84542E+17,,
7.8454E+17,,
7.84536E+17,,
7.84531E+17,,
7.84525E+17,,
7.84497E+17,,
7.84484E+17,,
7.84469E+17,,
7.84463E+17,,
7.84428E+17,,
7.84415E+17,,
7.84412E+17,,
7.84404E+17,,
7.84378E+17,,
7.84233E+17,,
7.84219E+17,,
7.84212E+17,,
7.84201E+17,,
7.84196E+17,,
7.84183E+17,,
7.84171E+17,,
7.84158E+17,,
7.84143E+17,,
7.84138E+17,,
7.84122E+17,,
7.84117E+17,,
7.84107E+17,,
7.84099E+17,,
7.84092E+17,,
7.8408E+17,,
7.84063E+17,,
7.84062E+17,,
7.84048E+17,,
7.84032E+17,,
7.84031E+17,,
7.84012E+17,,
7.83852E+17,,
7.83848E+17,,
7.83844E+17,,
7.83837E+17,,
7.83831E+17,,
7.83826E+17,,
7.83816E+17,,
7.83798E+17,,
7.83787E+17,,
7.83778E+17,,
7.8377E+17,,
7.83766E+17,,
7.83759E+17,,
7.83754E+17,,
7.83752E+17,,
7.83752E+17,,
7.83748E+17,,
7.83743E+17,,
7.83738E+17,,
7.83736E+17,,
7.83733E+17,,
7.83725E+17,,
7.83717E+17,,
7.83714E+17,,
7.83707E+17,,
7.83701E+17,,
7.83693E+17,,
7.83689E+17,,
7.83686E+17,,
7.83685E+17,,
7.83683E+17,,
7.8368E+17,,
7.83669E+17,,
7.83657E+17,,
7.83648E+17,,
7.83645E+17,,
7.83546E+17,,
7.83536E+17,,
7.83528E+17,,
7.83523E+17,,
7.83519E+17,,
7.83512E+17,,
7.8351E+17,,
7.8351E+17,,
7.83506E+17,,
7.83503E+17,,
7.83502E+17,,
7.83502E+17,,
7.83499E+17,,
7.83498E+17,,
7.83498E+17,,
7.83497E+17,,
7.83497E+17,,
7.83496E+17,,
7.83495E+17,,
7.83494E+17,,
7.83493E+17,,
7.83493E+17,,
7.83492E+17,,
7.83492E+17,,
7.83491E+17,,
7.8349E+17,,
7.83489E+17,,
7.83489E+17,,
7.83488E+17,,
7.83487E+17,,
7.83485E+17,,
7.83484E+17,,
7.83484E+17,,
7.83484E+17,,
7.83483E+17,,
7.83483E+17,,
7.83482E+17,,
7.83481E+17,,
7.83481E+17,,
7.8348E+17,,
7.83479E+17,,
7.83479E+17,,
7.83478E+17,,
7.83478E+17,,
7.83477E+17,,
7.83477E+17,,
7.83477E+17,,
7.83477E+17,,
7.83476E+17,,
7.83476E+17,,
7.83475E+17,,
7.83475E+17,,
7.83475E+17,,
7.83474E+17,,
7.8347E+17,,
7.83469E+17,,
7.83468E+17,,
7.83466E+17,,
7.83465E+17,,
7.83457E+17,,
7.83451E+17,,
7.83445E+17,,
7.8344E+17,,
7.83436E+17,,
7.83428E+17,,
7.83424E+17,,
7.83422E+17,,
7.8342E+17,,
7.83411E+17,,
7.83407E+17,,
7.83404E+17,,
7.83401E+17,,
7.83397E+17,,
7.83394E+17,,
7.83392E+17,,
7.83389E+17,,
7.83387E+17,,
7.83383E+17,,
7.83383E+17,,
7.83375E+17,,
7.83371E+17,,
7.83353E+17,,
7.83346E+17,,
7.83343E+17,,
7.83338E+17,,
7.83336E+17,,
7.83334E+17,,
7.83321E+17,,
7.83313E+17,,
7.833E+17,,
7.83293E+17,,
7.83288E+17,,
7.83146E+17,,
7.83139E+17,,
7.83134E+17,,
7.83127E+17,,
7.83092E+17,,
7.83081E+17,,
7.83069E+17,,
7.83068E+17,,
7.83057E+17,,
7.8305E+17,,
7.83048E+17,,
7.83038E+17,,
7.83035E+17,,
7.83027E+17,,
7.83023E+17,,
7.83015E+17,,
7.83005E+17,,
7.83004E+17,,
7.83004E+17,,
7.83003E+17,,
7.83002E+17,,
7.83001E+17,,
7.83001E+17,,
7.83E+17,,
7.82999E+17,,
7.82998E+17,,
7.82998E+17,,
7.82984E+17,,
7.82979E+17,,
7.82977E+17,,
7.82959E+17,,
7.82943E+17,,
7.82939E+17,,
7.82911E+17,,
7.82785E+17,,
7.8278E+17,,
7.82771E+17,,
7.82763E+17,,
7.82756E+17,,
7.8274E+17,,
7.82734E+17,,
7.82733E+17,,
7.82727E+17,,
7.82717E+17,,
7.82712E+17,,
7.82683E+17,,
7.82672E+17,,
7.82654E+17,,
7.8264E+17,,
7.82593E+17,,
7.82574E+17,,
7.82427E+17,,
7.82401E+17,,
7.82395E+17,,
7.8239E+17,,
7.82386E+17,,
7.82359E+17,,
7.82341E+17,,
7.82323E+17,,
7.82309E+17,,
7.82307E+17,,
7.82272E+17,,
7.82261E+17,,
7.82251E+17,,
7.82219E+17,,
7.82121E+17,,
7.8212E+17,,
7.82119E+17,,
7.82119E+17,,
7.82118E+17,,
7.82054E+17,,
7.82046E+17,,
7.82043E+17,,
7.82028E+17,,
7.82015E+17,,
7.81999E+17,,
7.8199E+17,,
7.8198E+17,,
7.81973E+17,,
7.81967E+17,,
7.81962E+17,,
7.81959E+17,,
7.81952E+17,,
7.81951E+17,,
7.8195E+17,,
7.8195E+17,,
7.8195E+17,,
7.81949E+17,,
7.81934E+17,,
7.81925E+17,,
7.81918E+17,,
7.81915E+17,,
7.81913E+17,,
7.819E+17,,
7.81898E+17,,
7.81897E+17,,
7.81896E+17,,
7.81895E+17,,
7.81894E+17,,
7.81894E+17,,
7.81893E+17,,
7.81892E+17,,
7.81892E+17,,
7.81891E+17,,
7.81891E+17,,
7.8189E+17,,
7.81889E+17,,
7.81883E+17,,
7.81874E+17,,
7.81874E+17,,
7.81873E+17,,
7.81873E+17,,
7.81872E+17,,
7.81871E+17,,
7.8187E+17,,
7.8187E+17,,
7.81869E+17,,
7.81658E+17,,
7.81649E+17,,
7.81646E+17,,
7.81629E+17,,
7.81624E+17,,
7.81609E+17,,
7.81601E+17,,
7.81601E+17,,
7.81589E+17,,
7.81585E+17,,
7.81573E+17,,
7.81566E+17,,
7.81564E+17,,
7.81562E+17,,
7.81562E+17,,
7.81561E+17,,
7.81561E+17,,
7.8156E+17,,
7.81559E+17,,
7.81558E+17,,
7.81557E+17,,
7.81551E+17,,
7.8154E+17,,
7.81519E+17,,
7.81496E+17,,
7.81479E+17,,
7.81465E+17,,
7.81315E+17,,
7.81298E+17,,
7.81285E+17,,
7.8128E+17,,
7.81265E+17,,
7.81241E+17,,
7.81225E+17,,
7.81224E+17,,
7.81218E+17,,
7.81217E+17,,
7.81217E+17,,
7.81216E+17,,
7.81216E+17,,
7.81215E+17,,
7.81215E+17,,
7.81214E+17,,
7.81214E+17,,
7.81212E+17,,
7.81211E+17,,
7.812E+17,,
7.81177E+17,,
7.81167E+17,,
7.81159E+17,,
7.8115E+17,,
7.81147E+17,,
7.81139E+17,,
7.81128E+17,,
7.81099E+17,,
7.80959E+17,,
7.80953E+17,,
7.8094E+17,,
7.80938E+17,,
7.80926E+17,,
7.80916E+17,,
7.80912E+17,,
7.80907E+17,,
7.80897E+17,,
7.80884E+17,,
7.80881E+17,,
7.80869E+17,,
7.80859E+17,,
7.80852E+17,,
7.80841E+17,,
7.80832E+17,,
7.80832E+17,,
7.80831E+17,,
7.80831E+17,,
7.8083E+17,,
7.80829E+17,,
7.80828E+17,,
7.80828E+17,,
7.80825E+17,,
7.80824E+17,,
7.80823E+17,,
7.80819E+17,,
7.80816E+17,,
7.80813E+17,,
7.80809E+17,,
7.80807E+17,,
7.80805E+17,,
7.80802E+17,,
7.808E+17,,
7.80799E+17,,
7.80798E+17,,
7.80795E+17,,
7.80792E+17,,
7.80791E+17,,
7.80787E+17,,
7.80782E+17,,
7.80768E+17,,
7.80747E+17,,
7.80738E+17,,
7.80637E+17,,
7.80619E+17,,
7.80616E+17,,
7.80613E+17,,
7.80611E+17,,
7.80607E+17,,
7.80607E+17,,
7.80606E+17,,
7.80604E+17,,
7.80602E+17,,
7.80601E+17,,
7.806E+17,,
7.80599E+17,,
7.80599E+17,,
7.80598E+17,,
7.80597E+17,,
7.80597E+17,,
7.80595E+17,,
7.80595E+17,,
7.80594E+17,,
7.80594E+17,,
7.80594E+17,,
7.80592E+17,,
7.80592E+17,,
7.80591E+17,,
7.80591E+17,,
7.8059E+17,,
7.80589E+17,,
7.80589E+17,,
7.80589E+17,,
7.80588E+17,,
7.80588E+17,,
7.80588E+17,,
7.80587E+17,,
7.80587E+17,,
7.80586E+17,,
7.80586E+17,,
7.80585E+17,,
7.80584E+17,,
7.80583E+17,,
7.80583E+17,,
7.80582E+17,,
7.80581E+17,,
7.8058E+17,,
7.8058E+17,,
7.80578E+17,,
7.80578E+17,,
7.80577E+17,,
7.80577E+17,,
7.80577E+17,,
7.80577E+17,,
7.80576E+17,,
7.80576E+17,,
7.80576E+17,,
7.80575E+17,,
7.80574E+17,,
7.8057E+17,,
7.80565E+17,,
7.80557E+17,,
7.80551E+17,,
7.80541E+17,,
7.80529E+17,,
7.80527E+17,,
7.80505E+17,,
7.80496E+17,,
7.80485E+17,,
7.80472E+17,,
7.80468E+17,,
7.80462E+17,,
7.80446E+17,,
7.80439E+17,,
7.80432E+17,,
7.80427E+17,,
7.80415E+17,,
7.80395E+17,,
7.80386E+17,,
7.80378E+17,,
7.80214E+17,,
7.80208E+17,,
7.8017E+17,,
7.80168E+17,,
7.80153E+17,,
7.80149E+17,,
7.80146E+17,,
7.80134E+17,,
7.80123E+17,,
7.80107E+17,,
7.80095E+17,,
7.80088E+17,,
7.80081E+17,,
7.80064E+17,,
7.80047E+17,,
7.80031E+17,,
7.7983E+17,,
7.79817E+17,,
7.79802E+17,,
7.79789E+17,,
7.79768E+17,,
7.79756E+17,,
7.79734E+17,,
7.79714E+17,,
7.79703E+17,,
7.79503E+17,,
7.79485E+17,,
7.79474E+17,,
7.79464E+17,,
7.79456E+17,,
7.79453E+17,,
7.79446E+17,,
7.79429E+17,,
7.79425E+17,,
7.7941E+17,,
7.79399E+17,,
7.79391E+17,,
7.79362E+17,,
7.79335E+17,,
7.7932E+17,,
7.79311E+17,,
7.79289E+17,,
7.79153E+17,,
7.79145E+17,,
7.79137E+17,,
7.79107E+17,,
7.79094E+17,,
7.79067E+17,,
7.79058E+17,,
7.79055E+17,,
7.79039E+17,,
7.79017E+17,,
7.79007E+17,,
7.78986E+17,,
7.78977E+17,,
7.78958E+17,,
7.78773E+17,,
7.78765E+17,,
7.78761E+17,,
7.78755E+17,,
7.78748E+17,,
7.78732E+17,,
7.78713E+17,,
7.78705E+17,,
7.78683E+17,,
7.78673E+17,,
7.78673E+17,,
7.78672E+17,,
7.78672E+17,,
7.78671E+17,,
7.78671E+17,,
7.7867E+17,,
7.7867E+17,,
7.7867E+17,,
7.78669E+17,,
7.78668E+17,,
7.78668E+17,,
7.78667E+17,,
7.78667E+17,,
7.78666E+17,,
7.78666E+17,,
7.78666E+17,,
7.78665E+17,,
7.78644E+17,,
7.78605E+17,,
7.78431E+17,,
7.78423E+17,,
7.78415E+17,,
7.78399E+17,,
7.78388E+17,,
7.78354E+17,,
7.7834E+17,,
7.78331E+17,,
7.78324E+17,,
7.78313E+17,,
7.78292E+17,,
7.78286E+17,,
7.78273E+17,,
7.78254E+17,,
7.78252E+17,,
7.78233E+17,,
7.78063E+17,,
7.78053E+17,,
7.78037E+17,,
7.78023E+17,,
7.78008E+17,,
7.77998E+17,,
7.77981E+17,,
7.77966E+17,,
7.77953E+17,,
7.77946E+17,,
7.77936E+17,,
7.77918E+17,,
7.77915E+17,,
7.77914E+17,,
7.77914E+17,,
7.77913E+17,,
7.77913E+17,,
7.77912E+17,,
7.77911E+17,,
7.77911E+17,,
7.7791E+17,,
7.7791E+17,,
7.77909E+17,,
7.77909E+17,,
7.77909E+17,,
7.77909E+17,,
7.77909E+17,,
7.77908E+17,,
7.77908E+17,,
7.77907E+17,,
7.77903E+17,,
7.77896E+17,,
7.77889E+17,,
7.77881E+17,,
7.77876E+17,,
7.77875E+17,,
7.77874E+17,,
7.77873E+17,,
7.77868E+17,,
7.77859E+17,,
7.77702E+17,,
7.7769E+17,,
7.77674E+17,,
7.77665E+17,,
7.7765E+17,,
7.77643E+17,,
7.77637E+17,,
7.7763E+17,,
7.77618E+17,,
7.77613E+17,,
7.77605E+17,,
7.77579E+17,,
7.77573E+17,,
7.77552E+17,,
7.77541E+17,,
7.77522E+17,,
7.77494E+17,,
7.77316E+17,,
7.77316E+17,,
7.77315E+17,,
7.77314E+17,,
7.77302E+17,,
7.77294E+17,,
7.77283E+17,,
7.77276E+17,,
7.77254E+17,,
7.77248E+17,,
7.77233E+17,,
7.77224E+17,,
7.77215E+17,,
7.77196E+17,,
7.77178E+17,,
7.77164E+17,,
7.77144E+17,,
7.77125E+17,,
7.76947E+17,,
7.76933E+17,,
7.7692E+17,,
7.76908E+17,,
7.76899E+17,,
7.76883E+17,,
7.76865E+17,,
7.76864E+17,,
7.76864E+17,,
7.76864E+17,,
7.76863E+17,,
7.76863E+17,,
7.76863E+17,,
7.76862E+17,,
7.76862E+17,,
7.76861E+17,,
7.7686E+17,,
7.7686E+17,,
7.76857E+17,,
7.76832E+17,,
7.76831E+17,,
7.76831E+17,,
7.7683E+17,,
7.7683E+17,,
7.76829E+17,,
7.76828E+17,,
7.76827E+17,,
7.76827E+17,,
7.76826E+17,,
7.768E+17,,
7.76796E+17,,
7.76784E+17,,
7.76784E+17,,
7.76784E+17,,
7.76783E+17,,
7.76783E+17,,
7.76783E+17,,
7.76782E+17,,
7.76782E+17,,
7.76782E+17,,
7.76782E+17,,
7.76782E+17,,
7.76782E+17,,
7.76781E+17,,
7.76781E+17,,
7.7678E+17,,
7.76779E+17,,
7.76749E+17,,
7.76622E+17,,
7.76616E+17,,
7.76611E+17,,
7.76606E+17,,
7.76601E+17,,
7.76593E+17,,
7.7659E+17,,
7.7659E+17,,
7.76588E+17,,
7.76588E+17,,
7.76587E+17,,
7.76586E+17,,
7.76586E+17,,
7.76586E+17,,
7.76585E+17,,
7.76585E+17,,
7.76585E+17,,
7.76584E+17,,
7.76577E+17,,
7.76553E+17,,
7.76546E+17,,
7.76536E+17,,
7.7653E+17,,
7.76521E+17,,
7.76511E+17,,
7.76511E+17,,
7.7651E+17,,
7.7651E+17,,
7.7651E+17,,
7.76509E+17,,
7.76509E+17,,
7.76508E+17,,
7.76508E+17,,
7.76508E+17,,
7.76507E+17,,
7.76507E+17,,
7.76507E+17,,
7.7649E+17,,
7.76484E+17,,
7.76477E+17,,
7.76455E+17,,
7.76442E+17,,
7.76434E+17,,
7.76408E+17,,
7.76405E+17,,
7.76393E+17,,
7.76261E+17,,
7.76254E+17,,
7.76248E+17,,
7.76238E+17,,
7.76232E+17,,
7.76224E+17,,
7.76211E+17,,
7.76207E+17,,
7.76195E+17,,
7.76163E+17,,
7.76152E+17,,
7.76147E+17,,
7.76138E+17,,
7.76138E+17,,
7.76128E+17,,
7.76118E+17,,
7.76103E+17,,
7.76103E+17,,
7.76102E+17,,
7.76102E+17,,
7.76101E+17,,
7.76101E+17,,
7.76101E+17,,
7.761E+17,,
7.761E+17,,
7.761E+17,,
7.76099E+17,,
7.76099E+17,,
7.76098E+17,,
7.76098E+17,,
7.76097E+17,,
7.76097E+17,,
7.76096E+17,,
7.76096E+17,,
7.76095E+17,,
7.76095E+17,,
7.76094E+17,,
7.76093E+17,,
7.76052E+17,,
7.76047E+17,,
7.76042E+17,,
7.76024E+17,,
7.75891E+17,,
7.75885E+17,,
7.75876E+17,,
7.75866E+17,,
7.75853E+17,,
7.75848E+17,,
7.75846E+17,,
7.75825E+17,,
7.758E+17,,
7.75795E+17,,
7.75778E+17,,
7.75771E+17,,
7.75766E+17,,
7.75761E+17,,
7.7576E+17,,
7.7576E+17,,
7.7576E+17,,
7.75759E+17,,
7.75757E+17,,
7.75756E+17,,
7.75756E+17,,
7.75755E+17,,
7.75755E+17,,
7.75754E+17,,
7.75753E+17,,
7.75753E+17,,
7.75752E+17,,
7.75751E+17,,
7.75741E+17,,
7.75735E+17,,
7.7573E+17,,
7.75721E+17,,
7.75714E+17,,
7.757E+17,,
7.75683E+17,,
7.75666E+17,,
7.75515E+17,,
7.75514E+17,,
7.75513E+17,,
7.75509E+17,,
7.75508E+17,,
7.75507E+17,,
7.75505E+17,,
7.75504E+17,,
7.75502E+17,,
7.75501E+17,,
7.75499E+17,,
7.75483E+17,,
7.75477E+17,,
7.75456E+17,,
7.75451E+17,,
7.75436E+17,,
7.75436E+17,,
7.75422E+17,,
7.75407E+17,,
7.75399E+17,,
7.75391E+17,,
7.75364E+17,,
7.7536E+17,,
7.75356E+17,,
7.75342E+17,,
7.75331E+17,,
7.74943E+17,,
7.74804E+17,,
7.74795E+17,,
7.74791E+17,,
7.7478E+17,,
7.74776E+17,,
7.74726E+17,,
7.74701E+17,,
7.74685E+17,,
7.74671E+17,,
7.74642E+17,,
7.7461E+17,,
7.74435E+17,,
7.74427E+17,,
7.74412E+17,,
7.74403E+17,,
7.74371E+17,,
7.7437E+17,,
7.74354E+17,,
7.7435E+17,,
7.74341E+17,,
7.74331E+17,,
7.74324E+17,,
7.74286E+17,,
7.7428E+17,,
7.74272E+17,,
7.74256E+17,,
7.74245E+17,,
7.74076E+17,,
7.74062E+17,,
7.7405E+17,,
7.74027E+17,,
7.74026E+17,,
7.74026E+17,,
7.74025E+17,,
7.74024E+17,,
7.74024E+17,,
7.74023E+17,,
7.74023E+17,,
7.74022E+17,,
7.74022E+17,,
7.74022E+17,,
7.74021E+17,,
7.74021E+17,,
7.7402E+17,,
7.7402E+17,,
7.7399E+17,,
7.73976E+17,,
7.7396E+17,,
7.73953E+17,,
7.73946E+17,,
7.73935E+17,,
7.73934E+17,,
7.73933E+17,,
7.73932E+17,,
7.73931E+17,,
7.7392E+17,,
7.73915E+17,,
7.73904E+17,,
7.73897E+17,,
7.73893E+17,,
7.73891E+17,,
7.73884E+17,,
7.73856E+17,,
7.73728E+17,,
7.73715E+17,,
7.73698E+17,,
7.73695E+17,,
7.73694E+17,,
7.73692E+17,,
7.73691E+17,,
7.73689E+17,,
7.73687E+17,,
7.73686E+17,,
7.73685E+17,,
7.73685E+17,,
7.73684E+17,,
7.73683E+17,,
7.73683E+17,,
7.73682E+17,,
7.7368E+17,,
7.7368E+17,,
7.73679E+17,,
7.73679E+17,,
7.73678E+17,,
7.73676E+17,,
7.73675E+17,,
7.73673E+17,,
7.73671E+17,,
7.73668E+17,,
7.73666E+17,,
7.7366E+17,,
7.73657E+17,,
7.73648E+17,,
7.73631E+17,,
7.73627E+17,,
7.73617E+17,,
7.73601E+17,,
7.7358E+17,,
7.73573E+17,,
7.73569E+17,,
7.7356E+17,,
7.73552E+17,,
7.73545E+17,,
7.73532E+17,,
7.73521E+17,,
7.73489E+17,,
7.73484E+17,,
7.73353E+17,,
7.73348E+17,,
7.73325E+17,,
7.73318E+17,,
7.7331E+17,,
7.73295E+17,,
7.73278E+17,,
7.73249E+17,,
7.73238E+17,,
7.73237E+17,,
7.73235E+17,,
7.73234E+17,,
7.73233E+17,,
7.73232E+17,,
7.73231E+17,,
7.7323E+17,,
7.73229E+17,,
7.73228E+17,,
7.73227E+17,,
7.73204E+17,,
7.73182E+17,,
7.7313E+17,,
7.73002E+17,,
7.72964E+17,,
7.72947E+17,,
7.72943E+17,,
7.72924E+17,,
7.72917E+17,,
7.72893E+17,,
7.72884E+17,,
7.72874E+17,,
7.72857E+17,,
7.72836E+17,,
7.72799E+17,,
7.72595E+17,,
7.72578E+17,,
7.7254E+17,,
7.72505E+17,,
7.72496E+17,,
7.7244E+17,,
7.72209E+17,,
7.7219E+17,,
7.72182E+17,,
7.72146E+17,,
7.72119E+17,,
7.72113E+17,,
7.72073E+17,,
7.71899E+17,,
7.71833E+17,,
7.71801E+17,,
7.71776E+17,,
7.71742E+17,,
7.71734E+17,,
7.71716E+17,,
7.71692E+17,,
7.71682E+17,,
7.71545E+17,,
7.71526E+17,,
7.7152E+17,,
7.71516E+17,,
7.71498E+17,,
7.71484E+17,,
7.71473E+17,,
7.71457E+17,,
7.71443E+17,,
7.71434E+17,,
7.71398E+17,,
7.71389E+17,,
7.71384E+17,,
7.71379E+17,,
7.71379E+17,,
7.71379E+17,,
7.71374E+17,,
7.71374E+17,,
7.7135E+17,,
7.71331E+17,,
7.71176E+17,,
7.71168E+17,,
7.71165E+17,,
7.71156E+17,,
7.71154E+17,,
7.71151E+17,,
7.71143E+17,,
7.71126E+17,,
7.71123E+17,,
7.71106E+17,,
7.71101E+17,,
7.71092E+17,,
7.71089E+17,,
7.71085E+17,,
7.71073E+17,,
7.71062E+17,,
7.71047E+17,,
7.71038E+17,,
7.71034E+17,,
7.71033E+17,,
7.71033E+17,,
7.71031E+17,,
7.7103E+17,,
7.7103E+17,,
7.71029E+17,,
7.71029E+17,,
7.71028E+17,,
7.71028E+17,,
7.71007E+17,,
7.71001E+17,,
7.70993E+17,,
7.7096E+17,,
7.70834E+17,,
7.70812E+17,,
7.70775E+17,,
7.70762E+17,,
7.70752E+17,,
7.70733E+17,,
7.70717E+17,,
7.70707E+17,,
7.70696E+17,,
7.70687E+17,,
7.7068E+17,,
7.70636E+17,,
7.7062E+17,,
7.70445E+17,,
7.70433E+17,,
7.70431E+17,,
7.70411E+17,,
7.70382E+17,,
7.70368E+17,,
7.70353E+17,,
7.70348E+17,,
7.70344E+17,,
7.70331E+17,,
7.703E+17,,
7.70291E+17,,
7.70288E+17,,
7.70274E+17,,
7.70242E+17,,
7.70047E+17,,
7.70005E+17,,
7.69989E+17,,
7.69983E+17,,
7.69956E+17,,
7.69932E+17,,
7.69901E+17,,
7.69707E+17,,
7.69685E+17,,
7.69612E+17,,
7.69602E+17,,
7.69598E+17,,
7.69575E+17,,
7.69363E+17,,
7.69314E+17,,
7.69294E+17,,
7.69281E+17,,
7.69263E+17,,
7.69254E+17,,
7.69247E+17,,
7.69226E+17,,
7.69219E+17,,
7.69212E+17,,
7.69209E+17,,
7.69207E+17,,
7.69195E+17,,
7.69174E+17,,
7.69162E+17,,
7.6916E+17,,
7.69009E+17,,
7.68959E+17,,
7.68951E+17,,
7.68934E+17,,
7.68917E+17,,
7.68911E+17,,
7.68901E+17,,
7.68899E+17,,
7.68896E+17,,
7.68896E+17,,
7.68896E+17,,
7.68896E+17,,
7.68896E+17,,
7.68896E+17,,
7.68895E+17,,
7.68894E+17,,
7.68894E+17,,
7.68894E+17,,
7.68893E+17,,
7.68893E+17,,
7.68893E+17,,
7.68893E+17,,
7.68893E+17,,
7.68893E+17,,
7.68892E+17,,
7.68892E+17,,
7.68892E+17,,
7.68892E+17,,
7.68892E+17,,
7.68892E+17,,
7.68891E+17,,
7.68891E+17,,
7.68891E+17,,
7.68891E+17,,
7.68891E+17,,
7.6889E+17,,
7.6889E+17,,
7.6889E+17,,
7.68889E+17,,
7.68886E+17,,
7.68878E+17,,
7.68864E+17,,
7.6883E+17,,
7.68823E+17,,
7.68811E+17,,
7.68626E+17,,
7.68604E+17,,
7.68586E+17,,
7.68569E+17,,
7.68554E+17,,
7.6854E+17,,
7.68537E+17,,
7.68516E+17,,
7.68509E+17,,
7.68472E+17,,
7.68434E+17,,
7.68417E+17,,
7.68257E+17,,
7.68238E+17,,
7.68217E+17,,
7.68201E+17,,
7.68179E+17,,
7.6817E+17,,
7.68164E+17,,
7.68149E+17,,
7.68143E+17,,
7.68108E+17,,
7.68101E+17,,
7.68099E+17,,
7.68085E+17,,
7.67924E+17,,
7.67918E+17,,
7.67909E+17,,
7.67905E+17,,
7.6789E+17,,
7.67865E+17,,
7.67843E+17,,
7.67828E+17,,
7.67816E+17,,
7.67798E+17,,
7.67787E+17,,
7.67769E+17,,
7.67758E+17,,
7.67731E+17,,
7.67708E+17,,
7.67543E+17,,
7.67498E+17,,
7.67469E+17,,
7.6746E+17,,
7.67434E+17,,
7.67424E+17,,
7.67398E+17,,
7.67366E+17,,
7.67355E+17,,
7.67184E+17,,
7.67135E+17,,
7.67124E+17,,
7.67105E+17,,
7.67077E+17,,
7.6707E+17,,
7.67047E+17,,
7.67008E+17,,
7.66999E+17,,
7.66818E+17,,
7.66783E+17,,
7.66783E+17,,
7.66783E+17,,
7.66781E+17,,
7.66777E+17,,
7.66757E+17,,
7.66749E+17,,
7.66742E+17,,
7.66731E+17,,
7.66709E+17,,
7.6668E+17,,
7.66648E+17,,
7.66642E+17,,
7.66447E+17,,
7.6644E+17,,
7.66428E+17,,
7.66423E+17,,
7.66413E+17,,
7.66403E+17,,
7.66393E+17,,
7.66386E+17,,
7.66354E+17,,
7.66341E+17,,
7.66333E+17,,
7.66318E+17,,
7.66303E+17,,
7.66289E+17,,
7.66259E+17,,
7.66244E+17,,
7.66092E+17,,
7.66077E+17,,
7.66065E+17,,
7.66049E+17,,
7.6602E+17,,
7.66004E+17,,
7.65994E+17,,
7.65982E+17,,
7.65975E+17,,
7.6597E+17,,
7.65969E+17,,
7.65969E+17,,
7.65966E+17,,
7.65965E+17,,
7.65965E+17,,
7.65898E+17,,
7.65745E+17,,
7.65727E+17,,
7.65685E+17,,
7.65676E+17,,
7.65643E+17,,
7.65626E+17,,
7.65609E+17,,
7.65606E+17,,
7.65605E+17,,
7.65579E+17,,
7.65569E+17,,
7.65555E+17,,
7.65522E+17,,
7.65367E+17,,
7.65353E+17,,
7.65341E+17,,
7.65326E+17,,
7.65314E+17,,
7.65294E+17,,
7.65288E+17,,
7.65277E+17,,
7.65271E+17,,
7.65266E+17,,
7.65257E+17,,
7.65256E+17,,
7.65255E+17,,
7.65248E+17,,
7.65248E+17,,
7.65247E+17,,
7.65246E+17,,
7.65244E+17,,
7.65244E+17,,
7.65243E+17,,
7.65242E+17,,
7.65242E+17,,
7.65241E+17,,
7.65241E+17,,
7.6524E+17,,
7.65239E+17,,
7.65239E+17,,
7.65239E+17,,
7.65238E+17,,
7.65237E+17,,
7.65237E+17,,
7.65237E+17,,
7.65237E+17,,
7.65236E+17,,
7.65236E+17,,
7.65236E+17,,
7.65235E+17,,
7.65235E+17,,
7.65234E+17,,
7.65234E+17,,
7.65234E+17,,
7.65233E+17,,
7.65215E+17,,
7.65186E+17,,
7.65164E+17,,
7.64997E+17,,
7.64995E+17,,
7.64971E+17,,
7.64921E+17,,
7.64891E+17,,
7.64582E+17,,
7.64551E+17,,
7.64528E+17,,
7.64497E+17,,
7.64462E+17,,
7.64287E+17,,
7.64232E+17,,
7.64219E+17,,
7.64195E+17,,
7.64186E+17,,
7.64172E+17,,
7.64162E+17,,
7.64149E+17,,
7.64137E+17,,
7.64133E+17,,
7.64123E+17,,
7.64119E+17,,
7.64114E+17,,
7.64105E+17,,
7.64072E+17,,
7.63906E+17,,
7.63873E+17,,
7.63846E+17,,
7.63838E+17,,
7.63827E+17,,
7.63817E+17,,
7.63805E+17,,
7.63803E+17,,
7.63803E+17,,
7.63801E+17,,
7.63801E+17,,
7.63801E+17,,
7.63801E+17,,
7.638E+17,,
7.638E+17,,
7.638E+17,,
7.63799E+17,,
7.63799E+17,,
7.63799E+17,,
7.63798E+17,,
7.63798E+17,,
7.63798E+17,,
7.63797E+17,,
7.63797E+17,,
7.63796E+17,,
7.63796E+17,,
7.63796E+17,,
7.63795E+17,,
7.63795E+17,,
7.63794E+17,,
7.63794E+17,,
7.63793E+17,,
7.63792E+17,,
7.63786E+17,,
7.63786E+17,,
7.63786E+17,,
7.6378E+17,,
7.63774E+17,,
7.63742E+17,,
7.63566E+17,,
7.6354E+17,,
7.63526E+17,,
7.63498E+17,,
7.63495E+17,,
7.63492E+17,,
7.6349E+17,,
7.63487E+17,,
7.63484E+17,,
7.63482E+17,,
7.63462E+17,,
7.63461E+17,,
7.6346E+17,,
7.6346E+17,,
7.63459E+17,,
7.63459E+17,,
7.63458E+17,,
7.63457E+17,,
7.63435E+17,,
7.6342E+17,,
7.63386E+17,,
7.63168E+17,,
7.63153E+17,,
7.63129E+17,,
7.63104E+17,,
7.63091E+17,,
7.63064E+17,,
7.63032E+17,,
7.63018E+17,,
7.62836E+17,,
7.62781E+17,,
7.6278E+17,,
7.62763E+17,,
7.62763E+17,,
7.62748E+17,,
7.62739E+17,,
7.62739E+17,,
7.62738E+17,,
7.62738E+17,,
7.62737E+17,,
7.62734E+17,,
7.62728E+17,,
7.62722E+17,,
7.62708E+17,,
7.62699E+17,,
7.62689E+17,,
7.62685E+17,,
7.62677E+17,,
7.62676E+17,,
7.62668E+17,,
7.6265E+17,,
7.62623E+17,,
7.62486E+17,,
7.62476E+17,,
7.62453E+17,,
7.62416E+17,,
7.62407E+17,,
7.62382E+17,,
7.62376E+17,,
7.62371E+17,,
7.62361E+17,,
7.62345E+17,,
7.62339E+17,,
7.62336E+17,,
7.62326E+17,,
7.62302E+17,,
7.62291E+17,,
7.62275E+17,,
7.62077E+17,,
7.6206E+17,,
7.62049E+17,,
7.6204E+17,,
7.6203E+17,,
7.62018E+17,,
7.62003E+17,,
7.62E+17,,
7.61996E+17,,
7.61958E+17,,
7.61956E+17,,
7.61934E+17,,
7.61715E+17,,
7.61709E+17,,
7.61692E+17,,
7.6167E+17,,
7.61653E+17,,
7.61644E+17,,
7.6163E+17,,
7.61624E+17,,
7.61611E+17,,
7.61607E+17,,
7.61605E+17,,
7.61605E+17,,
7.61605E+17,,
7.61604E+17,,
7.61604E+17,,
7.61603E+17,,
7.61603E+17,,
7.61602E+17,,
7.61602E+17,,
7.61599E+17,,
7.6159E+17,,
7.61584E+17,,
7.61545E+17,,
7.61399E+17,,
7.61351E+17,,
7.61322E+17,,
7.6132E+17,,
7.61319E+17,,
7.61315E+17,,
7.61307E+17,,
7.61297E+17,,
7.61296E+17,,
7.61296E+17,,
7.61272E+17,,
7.61264E+17,,
7.61236E+17,,
7.61219E+17,,
7.61199E+17,,
7.61184E+17,,
7.60991E+17,,
7.60956E+17,,
7.60956E+17,,
7.60956E+17,,
7.60955E+17,,
7.60955E+17,,
7.60955E+17,,
7.60954E+17,,
7.60943E+17,,
7.60933E+17,,
7.60913E+17,,
7.60891E+17,,
7.60847E+17,,
7.60836E+17,,
7.60823E+17,,
7.60664E+17,,
7.60631E+17,,
7.60591E+17,,
7.60585E+17,,
7.60582E+17,,
7.60564E+17,,
7.60542E+17,,
7.60532E+17,,
7.60526E+17,,
7.60508E+17,,
7.60505E+17,,
7.60499E+17,,
7.60492E+17,,
7.60483E+17,,
7.6045E+17,,
7.60295E+17,,
7.60283E+17,,
7.60264E+17,,
7.6024E+17,,
7.60226E+17,,
7.60201E+17,,
7.60197E+17,,
7.60192E+17,,
7.60175E+17,,
7.60156E+17,,
7.60149E+17,,
7.60131E+17,,
7.60118E+17,,
7.601E+17,,
7.59932E+17,,
7.59917E+17,,
7.59889E+17,,
7.59865E+17,,
7.5984E+17,,
7.59829E+17,,
7.59825E+17,,
7.59811E+17,,
7.59781E+17,,
7.59755E+17,,
7.59585E+17,,
7.59561E+17,,
7.59549E+17,,
7.59517E+17,,
7.59487E+17,,
7.59485E+17,,
7.59485E+17,,
7.59484E+17,,
7.59483E+17,,
7.59482E+17,,
7.59482E+17,,
7.59481E+17,,
7.5948E+17,,
7.59477E+17,,
7.59469E+17,,
7.59453E+17,,
7.59445E+17,,
7.59421E+17,,
7.59402E+17,,
7.59389E+17,,
7.5921E+17,,
7.59182E+17,,
7.59163E+17,,
7.59154E+17,,
7.59117E+17,,
7.59107E+17,,
7.59082E+17,,
7.59081E+17,,
7.5908E+17,,
7.5908E+17,,
7.59079E+17,,
7.59076E+17,,
7.59069E+17,,
7.5904E+17,,
7.58882E+17,,
7.58875E+17,,
7.58872E+17,,
7.58868E+17,,
7.58867E+17,,
7.58867E+17,,
7.58866E+17,,
7.58866E+17,,
7.58866E+17,,
7.58866E+17,,
7.58866E+17,,
7.58866E+17,,
7.58865E+17,,
7.58865E+17,,
7.58865E+17,,
7.58864E+17,,
7.58864E+17,,
7.58864E+17,,
7.58864E+17,,
7.58864E+17,,
7.58863E+17,,
7.58863E+17,,
7.58863E+17,,
7.58863E+17,,
7.58863E+17,,
7.58863E+17,,
7.58862E+17,,
7.58862E+17,,
7.58862E+17,,
7.58862E+17,,
7.58861E+17,,
7.58861E+17,,
7.58861E+17,,
7.58861E+17,,
7.58861E+17,,
7.58861E+17,,
7.58861E+17,,
7.5886E+17,,
7.5886E+17,,
7.5886E+17,,
7.5886E+17,,
7.5886E+17,,
7.5886E+17,,
7.58859E+17,,
7.58859E+17,,
7.58858E+17,,
7.58858E+17,,
7.58857E+17,,
7.58857E+17,,
7.58857E+17,,
7.58856E+17,,
7.58856E+17,,
7.58856E+17,,
7.58856E+17,,
7.58856E+17,,
7.58855E+17,,
7.58855E+17,,
7.58855E+17,,
7.58855E+17,,
7.58855E+17,,
7.58855E+17,,
7.58855E+17,,
7.58854E+17,,
7.58854E+17,,
7.58854E+17,,
7.58854E+17,,
7.58853E+17,,
7.58853E+17,,
7.58853E+17,,
7.58853E+17,,
7.58853E+17,,
7.58853E+17,,
7.58852E+17,,
7.5885E+17,,
7.58848E+17,,
7.58848E+17,,
7.58848E+17,,
7.58847E+17,,
7.58847E+17,,
7.58846E+17,,
7.58846E+17,,
7.58845E+17,,
7.58842E+17,,
7.58836E+17,,
7.58833E+17,,
7.58832E+17,,
7.58825E+17,,
7.58823E+17,,
7.58806E+17,,
7.58805E+17,,
7.58805E+17,,
7.588E+17,,
7.58799E+17,,
7.58797E+17,,
7.5879E+17,,
7.58789E+17,,
7.58786E+17,,
7.58741E+17,,
7.5872E+17,,
7.58705E+17,,
7.58683E+17,,
7.58652E+17,,
7.58512E+17,,
7.58508E+17,,
7.58508E+17,,
7.58507E+17,,
7.58507E+17,,
7.58507E+17,,
7.58506E+17,,
7.58505E+17,,
7.58505E+17,,
7.58504E+17,,
7.58504E+17,,
7.58504E+17,,
7.58503E+17,,
7.58503E+17,,
7.58503E+17,,
7.58503E+17,,
7.58502E+17,,
7.58502E+17,,
7.58502E+17,,
7.58501E+17,,
7.58501E+17,,
7.58501E+17,,
7.58501E+17,,
7.58501E+17,,
7.58501E+17,,
7.585E+17,,
7.585E+17,,
7.585E+17,,
7.585E+17,,
7.585E+17,,
7.58499E+17,,
7.58499E+17,,
7.58499E+17,,
7.58498E+17,,
7.58498E+17,,
7.58498E+17,,
7.58498E+17,,
7.58498E+17,,
7.58498E+17,,
7.58497E+17,,
7.58497E+17,,
7.58497E+17,,
7.58497E+17,,
7.58497E+17,,
7.58496E+17,,
7.58496E+17,,
7.58492E+17,,
7.58491E+17,,
7.58491E+17,,
7.58491E+17,,
7.58491E+17,,
7.5849E+17,,
7.58489E+17,,
7.58489E+17,,
7.58488E+17,,
7.58486E+17,,
7.58486E+17,,
7.58486E+17,,
7.58485E+17,,
7.58484E+17,,
7.58484E+17,,
7.58479E+17,,
7.58478E+17,,
7.58478E+17,,
7.58477E+17,,
7.58477E+17,,
7.58477E+17,,
7.58476E+17,,
7.58476E+17,,
7.58475E+17,,
7.58474E+17,,
7.58473E+17,,
7.58473E+17,,
7.58473E+17,,
7.58472E+17,,
7.58472E+17,,
7.58472E+17,,
7.58472E+17,,
7.58471E+17,,
7.58471E+17,,
7.5847E+17,,
7.5847E+17,,
7.58469E+17,,
7.58468E+17,,
7.58463E+17,,
7.58461E+17,,
7.5846E+17,,
7.5846E+17,,
7.58458E+17,,
7.58458E+17,,
7.58457E+17,,
7.58457E+17,,
7.58456E+17,,
7.58453E+17,,
7.58453E+17,,
7.58452E+17,,
7.58452E+17,,
7.58452E+17,,
7.58451E+17,,
7.58451E+17,,
7.5845E+17,,
7.5845E+17,,
7.58449E+17,,
7.58448E+17,,
7.58448E+17,,
7.58445E+17,,
7.58443E+17,,
7.58439E+17,,
7.58439E+17,,
7.58438E+17,,
7.58437E+17,,
7.58435E+17,,
7.58432E+17,,
7.58426E+17,,
7.58421E+17,,
7.58412E+17,,
7.584E+17,,
7.58393E+17,,
7.58386E+17,,
7.5838E+17,,
7.58371E+17,,
7.58362E+17,,
7.58358E+17,,
7.58353E+17,,
7.5834E+17,,
7.58334E+17,,
7.58328E+17,,
7.58314E+17,,
7.5814E+17,,
7.58137E+17,,
7.58135E+17,,
7.58134E+17,,
7.58133E+17,,
7.58132E+17,,
7.58131E+17,,
7.58131E+17,,
7.58131E+17,,
7.5813E+17,,
7.58129E+17,,
7.58129E+17,,
7.58129E+17,,
7.58129E+17,,
7.58128E+17,,
7.58128E+17,,
7.58127E+17,,
7.58126E+17,,
7.58126E+17,,
7.58125E+17,,
7.58125E+17,,
7.58124E+17,,
7.58124E+17,,
7.58123E+17,,
7.58123E+17,,
7.58122E+17,,
7.58121E+17,,
7.5812E+17,,
7.58119E+17,,
7.5811E+17,,
7.58107E+17,,
7.58104E+17,,
7.58101E+17,,
7.581E+17,,
7.58098E+17,,
7.58098E+17,,
7.58096E+17,,
7.58095E+17,,
7.58089E+17,,
7.5808E+17,,
7.58078E+17,,
7.58073E+17,,
7.5807E+17,,
7.58068E+17,,
7.58063E+17,,
7.58058E+17,,
7.58054E+17,,
7.58054E+17,,
7.58052E+17,,
7.58049E+17,,
7.58049E+17,,
7.58049E+17,,
7.58048E+17,,
7.58045E+17,,
7.58036E+17,,
7.58022E+17,,
7.58011E+17,,
7.58006E+17,,
7.57989E+17,,
7.57973E+17,,
7.57926E+17,,
7.57783E+17,,
7.57778E+17,,
7.57778E+17,,
7.57777E+17,,
7.57777E+17,,
7.57775E+17,,
7.57774E+17,,
7.57774E+17,,
7.57774E+17,,
7.57772E+17,,
7.57771E+17,,
7.5777E+17,,
7.57769E+17,,
7.57769E+17,,
7.57768E+17,,
7.57768E+17,,
7.57767E+17,,
7.57767E+17,,
7.57767E+17,,
7.57767E+17,,
7.57766E+17,,
7.57766E+17,,
7.57765E+17,,
7.57764E+17,,
7.57764E+17,,
7.57763E+17,,
7.57762E+17,,
7.57762E+17,,
7.57761E+17,,
7.57761E+17,,
7.57761E+17,,
7.57761E+17,,
7.5776E+17,,
7.5776E+17,,
7.57759E+17,,
7.57757E+17,,
7.57757E+17,,
7.57757E+17,,
7.57756E+17,,
7.57756E+17,,
7.57754E+17,,
7.57753E+17,,
7.57752E+17,,
7.57752E+17,,
7.57752E+17,,
7.57752E+17,,
7.57749E+17,,
7.57747E+17,,
7.57745E+17,,
7.57736E+17,,
7.57735E+17,,
7.57732E+17,,
7.5773E+17,,
7.5773E+17,,
7.57729E+17,,
7.57728E+17,,
7.57726E+17,,
7.57724E+17,,
7.57719E+17,,
7.57713E+17,,
7.57702E+17,,
7.57698E+17,,
7.57693E+17,,
7.57685E+17,,
7.57675E+17,,
7.57671E+17,,
7.57668E+17,,
7.57647E+17,,
7.57636E+17,,
7.57632E+17,,
7.57616E+17,,
7.57607E+17,,
7.57607E+17,,
7.57606E+17,,
7.57605E+17,,
7.57604E+17,,
7.57603E+17,,
7.57603E+17,,
7.57603E+17,,
7.57602E+17,,
7.576E+17,,
7.57405E+17,,
7.5738E+17,,
7.57361E+17,,
7.57335E+17,,
7.57321E+17,,
7.57308E+17,,
7.57291E+17,,
7.57277E+17,,
7.5726E+17,,
7.57252E+17,,
7.57246E+17,,
7.57212E+17,,
7.57032E+17,,
7.57019E+17,,
7.56998E+17,,
7.56992E+17,,
7.56956E+17,,
7.56917E+17,,
7.56914E+17,,
7.56913E+17,,
7.56913E+17,,
7.56912E+17,,
7.56912E+17,,
7.5691E+17,,
7.5691E+17,,
7.5691E+17,,
7.5691E+17,,
7.56909E+17,,
7.56909E+17,,
7.56908E+17,,
7.56907E+17,,
7.56907E+17,,
7.56906E+17,,
7.56906E+17,,
7.56905E+17,,
7.56905E+17,,
7.56904E+17,,
7.56904E+17,,
7.56904E+17,,
7.56903E+17,,
7.56903E+17,,
7.56903E+17,,
7.56902E+17,,
7.56902E+17,,
7.56901E+17,,
7.56901E+17,,
7.56901E+17,,
7.569E+17,,
7.569E+17,,
7.569E+17,,
7.56883E+17,,
7.56879E+17,,
7.56865E+17,,
7.56861E+17,,
7.56851E+17,,
7.5669E+17,,
7.56685E+17,,
7.56682E+17,,
7.56681E+17,,
7.5667E+17,,
7.56667E+17,,
7.56666E+17,,
7.56665E+17,,
7.56659E+17,,
7.56652E+17,,
7.5665E+17,,
7.5665E+17,,
7.56649E+17,,
7.56647E+17,,
7.56646E+17,,
7.56644E+17,,
7.56643E+17,,
7.56622E+17,,
7.56613E+17,,
7.56612E+17,,
7.56612E+17,,
7.56611E+17,,
7.56611E+17,,
7.56611E+17,,
7.5661E+17,,
7.56609E+17,,
7.56609E+17,,
7.56608E+17,,
7.56608E+17,,
7.56607E+17,,
7.56607E+17,,
7.56594E+17,,
7.56583E+17,,
7.56541E+17,,
7.56532E+17,,
7.5652E+17,,
7.56518E+17,,
7.56516E+17,,
7.56507E+17,,
7.56502E+17,,
7.56499E+17,,
7.56495E+17,,
7.56469E+17,,
7.56339E+17,,
7.56333E+17,,
7.56332E+17,,
7.56331E+17,,
7.56331E+17,,
7.56328E+17,,
7.56327E+17,,
7.56326E+17,,
7.56326E+17,,
7.56325E+17,,
7.56324E+17,,
7.56324E+17,,
7.56323E+17,,
7.56322E+17,,
7.56321E+17,,
7.5632E+17,,
7.56318E+17,,
7.56316E+17,,
7.56316E+17,,
7.56315E+17,,
7.56314E+17,,
7.56313E+17,,
7.56312E+17,,
7.56312E+17,,
7.563E+17,,
7.56293E+17,,
7.56288E+17,,
7.56286E+17,,
7.56278E+17,,
7.56276E+17,,
7.56264E+17,,
7.56248E+17,,
7.56241E+17,,
7.56234E+17,,
7.56223E+17,,
7.56214E+17,,
7.56206E+17,,
7.56197E+17,,
7.56186E+17,,
7.56172E+17,,
7.56164E+17,,
7.56154E+17,,
7.56149E+17,,
7.56141E+17,,
7.56112E+17,,
7.561E+17,,
7.55967E+17,,
7.55965E+17,,
7.55963E+17,,
7.55962E+17,,
7.5596E+17,,
7.55959E+17,,
7.55958E+17,,
7.55957E+17,,
7.55956E+17,,
7.55952E+17,,
7.55951E+17,,
7.55951E+17,,
7.55951E+17,,
7.55949E+17,,
7.55941E+17,,
7.55939E+17,,
7.55939E+17,,
7.55931E+17,,
7.55923E+17,,
7.55918E+17,,
7.5591E+17,,
7.55905E+17,,
7.55898E+17,,
7.55889E+17,,
7.55871E+17,,
7.55859E+17,,
7.55849E+17,,
7.55842E+17,,
7.55833E+17,,
7.55821E+17,,
7.55802E+17,,
7.5578E+17,,
7.5577E+17,,
7.5575E+17,,
7.55734E+17,,
7.556E+17,,
7.55597E+17,,
7.55592E+17,,
7.55592E+17,,
7.55589E+17,,
7.55587E+17,,
7.55587E+17,,
7.55584E+17,,
7.55582E+17,,
7.55581E+17,,
7.55574E+17,,
7.55573E+17,,
7.55572E+17,,
7.5557E+17,,
7.55563E+17,,
7.55545E+17,,
7.55545E+17,,
7.55542E+17,,
7.55535E+17,,
7.55531E+17,,
7.55527E+17,,
7.55513E+17,,
7.55504E+17,,
7.55494E+17,,
7.55482E+17,,
7.55472E+17,,
7.55463E+17,,
7.55437E+17,,
7.5542E+17,,
